"title","image","link"
"Never Forget The Horrible Crime These Celebs Committed", http://images.outbrain.com/imageserver/v2/s/KipD/a/18LWz1/34TCG/0/18LWz1-1g7A-400x220.jpg, http://www.lifedaily.com/25-celebrities-that-you-forgot-committed-horrible-crimes/#utm_medium=referral&utm_source=outbrain&utm_campaign=OB-CelebCrimes
"How To: Remove Dark Under Eye Circles", http://images.outbrain.com/imageserver/v2/s/MsVW/a/1IaQup/3RYR3/0/1IaQup-1g7A-400x220.jpg, http://beverlyhills-md.com/cmd.php?ad=767388
"Predicting Where The Top 20 2016 NBA Free Agents Will Sign", http://images.outbrain.com/imageserver/v2/s/MTCr/a/1Lp8Y2/3fiQc/0/1Lp8Y2-1g7A-400x220.jpg, http://www.thesportster.com/basketball/top-20-upcoming-nba-free-agents-and-where-they-might-sign/?utm_source=TS-OT-US-20&utm_medium=Content-Distribution&utm_campaign=TS-OT-US-20
"50 Best Kobe X Colorways from Kobe Sneaker History", http://images.outbrain.com/imageserver/v2/s/Md7I/a/111N7L/2HfP4/0/111N7L-1g7A-400x220.jpg, http://www.kicksologists.com/2015/02/10/50-best-kobe-x-colorways-from-kobe-sneaker-history/?utm_campaign=KobeXColorways&utm_source=OB-KobeXColorways&utm_medium=Ad
"Forget REITs. Invest in Real Estate with Crowdfunding", http://images.outbrain.com/imageserver/v2/s/NBly/a/1LpuWS/3fppH/0/1LpuWS-1g7A-400x220.jpg, https://www.realtyshares.com/campaign/outbrain14
"Entrant With A Perfect Bracket But ESPN DENIES His Winnings, UNBELIEVABLE!", http://images.outbrain.com/imageserver/v2/s/NX1K/a/1NDzQx/3pj02/0/1NDzQx-1g7A-400x220.jpg, http://yirally.com/top-six-brackets-of-all-time?utm_source=OutbrainY&utm_medium=CPCY&utm_campaign=NativeY&utm_source=OutbrainY&utm_medium=CPCY&utm_campaign=NativeY
"You Won't Believe What She Looks Like Now", http://images.outbrain.com/imageserver/v2/s/MoC9/a/1JlAwR/3tLcX/0/1JlAwR-1g7A-400x220.jpg, http://okceleb.com/incredible-celebrity-transformations/?utm_campaign=ok-desk-us-celebtransform&utm_medium=5350077&utm_source=outbrain&utm_content=1939f7
"25 Stars Who Actually Married Fans", http://images.outbrain.com/imageserver/v2/s/MkZU/a/1DGeyf/33sBp/0/1DGeyf-1g7A-400x220.jpg, http://www.yourdailydish.com/galleries/celebrities-who-married-their-fans/?utm_source=Outbrain&utm_medium=cpc&utm_term=5350077&utm_content=45252301&utm_campaign=Outbrain_CMF
"Bizarre Family Photos That Will Make Your Skin Crawl", http://images.outbrain.com/imageserver/v2/s/MkZU/a/1LBG6y/3c8CP/0/1LBG6y-1g7A-400x220.jpg, http://www.yourdailydish.com/galleries/creepiest-family-photos/?utm_source=Outbrain&utm_medium=cpc&utm_term=5350077&utm_content=53416993&utm_campaign=Outbrain_CFP
"20 Facts Ted Cruz Has Tried To Keep Quiet", http://images.outbrain.com/imageserver/v2/s/KipD/a/1NNUky/3rlae/0/1NNUky-1g7A-400x220.jpg, http://www.lifedaily.com/20-fascinating-but-little-known-ted-cruz-facts/#utm_medium=referral&utm_source=outbrain&utm_term=5350080&utm_campaign=OB-CruzFacts
"43 Scariest Facts About the Civil War That Will Leave You Speechless", http://images.outbrain.com/imageserver/v2/s/NPgc/a/1LCdK2/3zNpO/0/1LCdK2-1g7A-400x220.jpg, http://www.historyfanatic.com/slideshows/23-scariest-facts-about-the-civil-war/?utm_source=outbrain&utm_medium=cpc&utm_campaign=civil-war-2
"5 Signs You're Drinking Too Much Alcohol", http://images.outbrain.com/imageserver/v2/s/NcZN/a/1ONQjQ/3xDZG/0/1ONQjQ-1g7A-400x220.jpg, http://alcoholism.about.com/video/5-Signs-You-re-Drinking-Too-Much-Alcohol.htm?utm_campaign=verywell_video&utm_source=out&utm_medium=con&utm_content=1050
"47 Rare Photos From The Past That The News Wasn't Allowed To Show", http://images.outbrain.com/imageserver/v2/s/Mz4o/a/1M4ciY/3hH7m/0/1M4ciY-1g7A-400x220.jpg, http://www.dailybananas.com/3_d_Rare_Historical_News_Photos_US_DB_1?utm_source=3_d_Rare_Historical_News_Photos_US_DB_1&utm_medium=54642942&utm_campaign=Rare_Historical_News_Photos&utm_term=3&utm_content=5350080
"What's causing your Lower Back Pain?", http://images.outbrain.com/imageserver/v2/s/1pCN/a/1MDH9L/3qMoY/0/1MDH9L-1g7A-400x220.jpg, https://bs.serving-sys.com/BurstingPipe/adServer.bs?cn=tf&c=20&mc=click&pli=17250753&PluID=0&ord=&rtu=%24%24https://search.yahoo.com/search?p=lower+back+pain+treatment&fr=mktg-search-ginsu2&.tsrc=mktg-search-ginsu2&type=lowerback&tmpl=none&fp=1%24%24
"Bizarre Family Photos That Will Make Your Skin Crawl", http://images.outbrain.com/imageserver/v2/s/MkZU/a/1LBG6y/3c8CP/0/1LBG6y-1g7A-400x220.jpg, http://www.yourdailydish.com/galleries/creepiest-family-photos/?utm_source=Outbrain&utm_medium=cpc&utm_term=5350080&utm_content=53416993&utm_campaign=Outbrain_CFP
"Trump Doesn't Drink - Here's The Chilling Reason Why", http://images.outbrain.com/imageserver/v2/s/NSza/a/1M8CCv/3xqc3/0/1M8CCv-1g7A-400x220.jpg, http://brainsmuggler.com/slideshows/29-things-you-didnt-know-about-donald-trump/?utm_medium=Outbrain&utm_source=5350080&utm_campaign=This-Is-Why-Donald-Trump-Does-Not-Drink-3-Outbrain&utm_content=Why+Donald+Trump+Doesn%E2%80%99t+Drink+%E2%80%93+B
"Brilliant! 10 Stars You'd Never Guess are Attorneys", http://images.outbrain.com/imageserver/v2/s/N5O3/a/1HPube/3YnCc/0/1HPube-1g7A-400x220.jpg, http://allurebuzz.com/2015/11/need-an-attorney-call-these-stars/
"Divorce, Remarriage, and Divorce Again in Hollywood", http://images.outbrain.com/imageserver/v2/s/MkZU/a/178yjq/2nonW/0/178yjq-1g7A-400x220.jpg, http://www.yourdailydish.com/galleries/from-mistress-to-mrs-stars-that-married-the-other-woman/?utm_source=Outbrain&utm_medium=cpc&utm_term=5350080&utm_content=41426014&utm_campaign=Outbrain_MTM
"Thinking About Going Solar? Read This First", http://cdn.taboolasyndication.com/libtrc/static/thumbnails/4bae2ffddacab4c3840a5708ed900de3.jpg, http://www.homesolarprograms.com/tab021/homeowners-are-furious-with-their-power-company/?campid=04F0AD93589527F1&utm_source=Taboola
"Ron Paul: What You Need To Know About Financial Martial Law", http://cdn.taboolasyndication.com/libtrc/static/thumbnails/b1ec609232d759ad14a42bfbe11ab6aa.jpg, http://thecrux.com/dyncontent/this-is-what-financial-martial-law-could-look-like/?cid=MKT261537&eid=MKT271604&utm_source=taboola&utm_medium=referral
"37 Rare Historical Photos That Will Send Chills Down Your Spine", http://proxy.topixcdn.com/ipicimg/DDF8SRNNOL6446FF-cp11x0x787x582, http://offbeat.topix.com/slideshow/17224?utm_source=taboola&utm_campaign=17224&tpx_term=N522TP4EFTGB6NJP&cvar=t5:i-4r3-NIC03ATL0SEQII86&utm_source=taboola&utm_medium=referral
"70’s Stars That Will Absolutely Drop Your Jaw - Where Are They Now?", http://cdn.taboolasyndication.com/libtrc/static/thumbnails/3e0dfefeef6ddc8e81fece89dd0bb6e1.jpg, http://definition.org/blog/stars-70s-now/?utm_source=Taboola&utm_medium=theblaze&utm_term=ys&utm_content=http%3A%2F%2Fcdn.taboolasyndication.com%2Flibtrc%2Fstatic%2Fthumbnails%2F3e0dfefeef6ddc8e81fece89dd0bb6e1.jpg&utm_campaign=Taboola_70TN
"These 31 World War II Facts Will Leave You Speechless", https://console.brax-cdn.com/creatives/04314b8b-704b-4738-b77e-3018b3d3625e/45a7651c-4e0a-4a57-b149-0d790a17d089.jpg, http://www.historyfanatic.com/slideshows/these-31-world-war-ii-facts-will-blow-your-mind/?utm_source=taboola&utm_medium=cpc&utm_term=theblaze&utm_campaign=31-ww2-facts-3
"12 Animals You Won’t Believe Actually Exist", http://cdn6.littlethings.com/app/uploads/2014/08/Akhal_Teke_gold_horse-600x450.jpg, http://www.littlebudha.com/12-biggest-largest-record-animals/?utm_source=10-d-0133&utm_medium=theblaze&utm_term=http%3A%2F%2Fcdn6.littlethings.com%2Fapp%2Fuploads%2F2014%2F08%2FAkhal_Teke_gold_horse-600x450.jpg&utm_content=12+Animals+You+Won%E2%80%99t+Believe+Actually+Exist&utm_campaign=12-biggest-largest-record-animals_d
"Thinking about going solar? Read This First", http://cdn.taboolasyndication.com/libtrc/static/thumbnails/c8aa85cdd7ab19c7d67de84e2db4720b.jpg, http://solarpanels.sunrun.com/tabsr001/why-wait-solar-savings-are-available-now/?campid=C47C40B08B19A1AE&utm_source=Taboola&utm_medium=online+display&utm_campaign=C47C40B08B19A1AE
"Why This Woman Calls Uber the Holy Grail of Actor Side Jobs", https://newsroom.uber.com/us-new-jersey/wp-content/uploads/sites/67/2015/12/SuzanneForBLOG.jpeg, https://newsroom.uber.com/us-new-jersey/behind-the-wheel-with-suzanne-uberx-driver-partner/?utm_source=influencer&utm_campaign=uberinfluencerprogram_1_-99_US-National_D_DSK_ACQ_CPM_en-us_blog&utm_medium=taboola
"Why The Government Is Paying Americans To Go Solar", http://cdn.taboolasyndication.com/libtrc/static/thumbnails/04e648f115e4eedbd5a01f0ff376232f.jpg, http://solarpanels.theecoexperts.com/why-the-government-is-paying-americans-to-go-solar?cid=56fe856097712&utm_source=taboola&utm_medium=theblaze&utm_term=Why+The+Government+Is+Paying+Americans+To+Go+Solar&utm_content=http%3A%2F%2Fcdn.taboolasyndication.com%2Flibtrc%2Fstatic%2Fthumbnails%2F04e648f115e4eedbd5a01f0ff376232f.jpg
"Thousands of People Are Straightening Their Smiles for Less", http://cdn.taboolasyndication.com/libtrc/static/thumbnails/7adef3ed4988fef592ab362a0e71f84a.png, https://smiledirectclub.com/blog/how-much-do-braces-cost/?utm_source=taboola&utm_medium=referral&utm_campaign=howmuch-desktop-blog
"Here are 5 reasons you should go solar now", http://cdn.taboolasyndication.com/libtrc/static/thumbnails/e2c6c35789db746024629b2009dd94fd.jpg, https://ad.doubleclick.net/ddm/clk/304070806;131311860;n?utm_source=taboola&utm_medium=referral
"They Once Had It All: 15 NBA Stars Who Are Now Broke!!!", http://images.outbrain.com/imageserver/v2/s/Mo5X/a/1KmUPN/3dCvW/0/1KmUPN-1g7A-400x220.jpg, http://thesportsdrop.com/15-broke-nba-stars-and-how-they-blew-their-millions/?utm_source=outbrain&utm_medium=cpc&utm_campaign=nba_broke&utm_content=13a9c3
"The Will To Win: 30 Athletes And Coaches That Fought Their Way To Victory", http://images.outbrain.com/imageserver/v2/s/e7I/a/1OR1Lj/3zdOI/0/1OR1Lj-1g7A-400x220.jpg, http://www.forbes.com/pictures/fihh45hgdi/kobe-bryant-retired-ame/?nowelcome&utm_source=outbrain&utm_medium=partner&utm_campaign=obtraffictest11
"See the Pictures That Prove Tiger Woods and Amanda Boyd Are More Than Just Friends", http://images.outbrain.com/imageserver/v2/s/HFC5/a/18ViEP/2tISZ/0/18ViEP-1g7A-400x220.jpg, http://radaronline.com/photos/tiger-woods-amanda-boyd-affair-rep-denial-photos/photo/1073238/?utm_source=Outbrain&utm_medium=cpc&utm_campaign=TopPerformers&utm_term=5350077
"NAD: The Aging Coenzyme", http://images.outbrain.com/imageserver/v2/s/BAWl/a/10genp/3hoCY/0/10genp-1g7A-400x220.jpg, http://www.fastcoexist.com/3041800/one-of-the-worlds-top-aging-researchers-has-a-pill-to-keep-you-feeling-young
"Lennox Lewis' Net Worth Will Hurt Your Eyes!", http://images.outbrain.com/imageserver/v2/s/Mubs/a/1L9m25/3dSJ4/0/1L9m25-1g7A-400x220.jpg, http://starsgossip.com/20-richest-boxers-in-the-world/?utm_medium=Discovery&utm_source=OutbrainLonnox&utm_term=5350077&utm_content=20+Richest+Boxers+in+the+World&utm_campaign=Outbrain
"Celebrity Prom Photos Too Awkward To Look At", http://images.outbrain.com/imageserver/v2/s/MkZU/a/1IHDe9/3QM9C/0/1IHDe9-1g7A-400x220.jpg, http://www.yourdailydish.com/galleries/celebrity-prom-catastrophes/?utm_source=Outbrain&utm_medium=cpc&utm_term=5350077&utm_content=50610674&utm_campaign=Outbrain_CPD
"25 Of The World’s Most Seductive News Anchors", http://images.outbrain.com/imageserver/v2/s/MV4x/a/1O1hBz/3uzyP/0/1O1hBz-1g7A-400x220.jpg, http://todayslifestyle.com/entertainment/celebs/20-most-gorgeous-news-anchors-in-the-world-201549354/?utm_c1=A&utm_c2=144087&utm_c3=A_5350077&utm_c4=105073&utm_source=nativeads_DesktopSL_JR_&utm_medium=A_5350077&utm_campaign=NA_Desktop_105073_144087&utm_content=25_Of_The_Worlds_Most_Seductive_News_Anchors
"How To: Remove Dark Under Eye Circles", http://images.outbrain.com/imageserver/v2/s/MsVW/a/1IaQup/3RYR3/0/1IaQup-1g7A-400x220.jpg, http://beverlyhills-md.com/cmd.php?ad=767388
"14 Things the Producers of Gilligan's Island Hid from Fans", http://images.outbrain.com/imageserver/v2/s/MSsC/a/1LRwUx/3uKE0/0/1LRwUx-1g7A-400x220.jpg, http://www.famefocus.com/tv/14-things-you-never-knew-about-gilligans-island/?utm_source=outbrain&utm_medium=referral&utm_content=14+Things+You+Never+Knew+about+Gilligan%E2%80%99s++-+57753124&utm_campaign=OUT+FME+10138+14-things-you-never-knew-about-gilligans-island&utm_term=5350077
"The Cameraman Just Kept Recording", http://images.outbrain.com/imageserver/v2/s/NRRU/a/1MSJmr/3lvny/0/1MSJmr-1g7A-400x220.jpg, http://omgwhut.com/caught-on-tape-15-times-a-cameraman-caught-more-than-he-should-have/?utm_medium=referral&utm_source=outbrain&utm_campaign=cameraman-caught-more-1/
"He Found A Hidden Room In This Old Attic, But He Wasn’t Ready For What Was Inside.", http://images.outbrain.com/imageserver/v2/s/NUeC/a/1MhLYa/3lGrM/0/1MhLYa-1g7A-400x220.jpg, http://mentalflare.com/attic-discovery/?as=2030000002034&utm_term=5350080&bdk=t2030000002034
"The 8 Biggest Film Box Office Disasters of All Time", http://images.outbrain.com/imageserver/v2/s/MeWi/a/19v3Sw/3uX9n/0/19v3Sw-1g7A-400x220.jpg, http://www.cheatsheet.com/entertainment/the-8-biggest-film-box-office-disasters-of-all-time.html/?utm_source=outbrain&utm_medium=cpc&utm_campaign=feed_desktop&utm_term=5350080&ref=OB
"14 Celebrities You Didn't Know Were Lesbians", http://images.outbrain.com/imageserver/v2/s/NTNA/a/1Mib8G/3lOZx/0/1Mib8G-1g7A-400x220.jpg, http://viralsay.com/14-celebrities-didnt-know-lesbians/?utm_campaign=celeblesbians-desktop&utm_medium=5350080&utm_source=outbrain&utm_content=17b384
"43 Scariest Facts About the Civil War That Will Leave You Speechless", http://images.outbrain.com/imageserver/v2/s/NPgc/a/1LCdK2/3zNpO/0/1LCdK2-1g7A-400x220.jpg, http://www.historyfanatic.com/slideshows/23-scariest-facts-about-the-civil-war/?utm_source=outbrain&utm_medium=cpc&utm_campaign=civil-war-2
"Bizarre Family Photos That Will Make Your Skin Crawl", http://images.outbrain.com/imageserver/v2/s/MkZU/a/1LBG6y/3c8CP/0/1LBG6y-1g7A-400x220.jpg, http://www.yourdailydish.com/galleries/creepiest-family-photos/?utm_source=Outbrain&utm_medium=cpc&utm_term=5350080&utm_content=53416993&utm_campaign=Outbrain_CFP
"15 Wrestlers Who Should No Longer Be In The WWE", http://images.outbrain.com/imageserver/v2/s/MTCr/a/1Jvo7D/3YoBM/0/1Jvo7D-1g7A-400x220.jpg, http://www.thesportster.com/wrestling/top-15-wrestlers-that-should-not-be-on-the-wwe-roster-by-2017/?utm_content=11b51e&utm_source=TS-OT-US&utm_medium=Content-Distribution&utm_campaign=TS-OT-US
"Brilliant! 10 Stars You'd Never Guess are Attorneys", http://images.outbrain.com/imageserver/v2/s/N5O3/a/1HPube/3YnCc/0/1HPube-1g7A-400x220.jpg, http://allurebuzz.com/2015/11/need-an-attorney-call-these-stars/
"The New 2016 Crossovers", http://images.outbrain.com/imageserver/v2/s/1pCN/a/1MhsGh/3qPmp/0/1MhsGh-1g7A-400x220.jpg, https://bs.serving-sys.com/BurstingPipe/adServer.bs?cn=tf&c=20&mc=click&pli=17250753&PluID=0&ord=&rtu=%24%24https://search.yahoo.com/search?p=2016+crossovers&fr=mktg-search-ginsu2&.tsrc=mktg-search-ginsu2&type=2016crossovers&tmpl=none&fp=1%24%24
"Thinking About Going Solar? Read This First", http://cdn.taboolasyndication.com/libtrc/static/thumbnails/4bae2ffddacab4c3840a5708ed900de3.jpg, http://www.homesolarprograms.com/tab021/homeowners-are-furious-with-their-power-company/?campid=04F0AD93589527F1&utm_source=Taboola
"Ron Paul: What You Need To Know About Financial Martial Law", http://cdn.taboolasyndication.com/libtrc/static/thumbnails/b1ec609232d759ad14a42bfbe11ab6aa.jpg, http://thecrux.com/dyncontent/this-is-what-financial-martial-law-could-look-like/?cid=MKT261537&eid=MKT271604&utm_source=taboola&utm_medium=referral
"37 Rare Historical Photos That Will Send Chills Down Your Spine", http://proxy.topixcdn.com/ipicimg/DDF8SRNNOL6446FF-cp11x0x787x582, http://offbeat.topix.com/slideshow/17224?utm_source=taboola&utm_campaign=17224&tpx_term=N522TP4EFTGB6NJP&cvar=t5:i-4r3-NIC03ATL0SEQII86&utm_source=taboola&utm_medium=referral
"70’s Stars That Will Absolutely Drop Your Jaw - Where Are They Now?", http://cdn.taboolasyndication.com/libtrc/static/thumbnails/3e0dfefeef6ddc8e81fece89dd0bb6e1.jpg, http://definition.org/blog/stars-70s-now/?utm_source=Taboola&utm_medium=theblaze&utm_term=ys&utm_content=http%3A%2F%2Fcdn.taboolasyndication.com%2Flibtrc%2Fstatic%2Fthumbnails%2F3e0dfefeef6ddc8e81fece89dd0bb6e1.jpg&utm_campaign=Taboola_70TN
"These 31 World War II Facts Will Leave You Speechless", https://console.brax-cdn.com/creatives/04314b8b-704b-4738-b77e-3018b3d3625e/45a7651c-4e0a-4a57-b149-0d790a17d089.jpg, http://www.historyfanatic.com/slideshows/these-31-world-war-ii-facts-will-blow-your-mind/?utm_source=taboola&utm_medium=cpc&utm_term=theblaze&utm_campaign=31-ww2-facts-3
"12 Animals You Won’t Believe Actually Exist", http://cdn6.littlethings.com/app/uploads/2014/08/Akhal_Teke_gold_horse-600x450.jpg, http://www.littlebudha.com/12-biggest-largest-record-animals/?utm_source=10-d-0133&utm_medium=theblaze&utm_term=http%3A%2F%2Fcdn6.littlethings.com%2Fapp%2Fuploads%2F2014%2F08%2FAkhal_Teke_gold_horse-600x450.jpg&utm_content=12+Animals+You+Won%E2%80%99t+Believe+Actually+Exist&utm_campaign=12-biggest-largest-record-animals_d
"Thinking about going solar? Read This First", http://cdn.taboolasyndication.com/libtrc/static/thumbnails/c8aa85cdd7ab19c7d67de84e2db4720b.jpg, http://solarpanels.sunrun.com/tabsr001/why-wait-solar-savings-are-available-now/?campid=C47C40B08B19A1AE&utm_source=Taboola&utm_medium=online+display&utm_campaign=C47C40B08B19A1AE
"Hold On, Princess Leia Was Married to Who? Star Wars Facts", http://cdn.taboolasyndication.com/libtrc/static/thumbnails/db8c6b6dd455b012881deffe0f0fca0b.jpg, http://www.faqtoids.com/slp?qsrc=999&sid=33318000-aaaa-bbbb-cccc-123456789012-0-ft_lcb&q=star+wars+jedi+characters
"Why This Woman Calls Uber the Holy Grail of Actor Side Jobs", https://newsroom.uber.com/us-new-jersey/wp-content/uploads/sites/67/2015/12/SuzanneForBLOG.jpeg, https://newsroom.uber.com/us-new-jersey/behind-the-wheel-with-suzanne-uberx-driver-partner/?utm_source=influencer&utm_campaign=uberinfluencerprogram_1_-99_US-National_D_DSK_ACQ_CPM_en-us_blog&utm_medium=taboola
"Why The Government Is Paying Americans To Go Solar", http://cdn.taboolasyndication.com/libtrc/static/thumbnails/04e648f115e4eedbd5a01f0ff376232f.jpg, http://solarpanels.theecoexperts.com/why-the-government-is-paying-americans-to-go-solar?cid=56fe856097712&utm_source=taboola&utm_medium=theblaze&utm_term=Why+The+Government+Is+Paying+Americans+To+Go+Solar&utm_content=http%3A%2F%2Fcdn.taboolasyndication.com%2Flibtrc%2Fstatic%2Fthumbnails%2F04e648f115e4eedbd5a01f0ff376232f.jpg
"Thousands of People Are Straightening Their Smiles for Less", http://cdn.taboolasyndication.com/libtrc/static/thumbnails/7adef3ed4988fef592ab362a0e71f84a.png, https://smiledirectclub.com/blog/how-much-do-braces-cost/?utm_source=taboola&utm_medium=referral&utm_campaign=howmuch-desktop-blog
"The 2016 New Sedan Models", http://images.outbrain.com/imageserver/v2/s/1pCN/a/1NHYGa/3qPjN/0/1NHYGa-1g7A-400x220.jpg, https://bs.serving-sys.com/BurstingPipe/adServer.bs?cn=tf&c=20&mc=click&pli=17250753&PluID=0&ord=&rtu=%24%24https://search.yahoo.com/search?p=2016+new+sedan+models&fr=mktg-search-ginsu2&.tsrc=mktg-search-ginsu2&type=2016Sedan&tmpl=none&fp=1%24%24
"Bizarre Family Photos That Will Make Your Skin Crawl", http://images.outbrain.com/imageserver/v2/s/MkZU/a/1LBG6y/3c8CP/0/1LBG6y-1g7A-400x220.jpg, http://www.yourdailydish.com/galleries/creepiest-family-photos/?utm_source=Outbrain&utm_medium=cpc&utm_term=5350077&utm_content=53416993&utm_campaign=Outbrain_CFP
"1 Reason You Should Not Use The Internet Today In The U.S", http://images.outbrain.com/imageserver/v2/s/NMvH/a/1O11po/3yXFZ/0/1O11po-1g7A-400x220.jpg, http://www.smarterweblife.com/1203/?hash=56c5f8216d1b1&subid1=5350077&subid2=1a7b20
"Why I Hate Annuities (and You Should Too) [Free Calculator]", http://images.outbrain.com/imageserver/v2/s/MXok/a/111b4d/2t7Qv/0/111b4d-1g7A-400x220.jpg, http://www.fisherinvestments.com/tools-calculators/annuity-calculators/annuity-calculators-perspective?PC=OUTSLO1A28&CC=3A15&sc_camp=95AD8D2265D44C938614BBEEF8487FCC
"Bankrupt: 15 NBA Superstars Who Lost it All", http://images.outbrain.com/imageserver/v2/s/NRgZ/a/1NHibw/3uR1a/0/1NHibw-1g7A-400x220.jpg, http://buzzamin.com/bankruptcy-15-nba-players-that-lost-it-all/?utm_subid=15511&utm_campaign=2095&utm_source=outbrainsafe&utm_medium=cpc&utm_term=5350077
"How To: Fix Dark Eye Circles", http://images.outbrain.com/imageserver/v2/s/MsVW/a/1IaQup/3RYR5/0/1IaQup-1g7A-400x220.jpg, http://beverlyhills-md.com/cmd.php?ad=767388
"13 Shocking Facts About NBA Star Steph Curry [#3 is Embarrassing!]", http://images.outbrain.com/imageserver/v2/s/Mo5X/a/1IvZta/3c2sM/0/1IvZta-1g7A-400x220.jpg, http://thesportsdrop.com/13-surprising-facts-about-nba-star-steph-curry/?utm_source=outbrain&utm_medium=cpc&utm_campaign=13_curry_facts_ob&utm_content=131ea8
"15 Broke NBA Stars and How They Blew Their Millions", http://images.outbrain.com/imageserver/v2/s/Mo5X/a/1KmUPN/3gra9/0/1KmUPN-1g7A-400x220.jpg, http://thesportsdrop.com/15-broke-nba-stars-and-how-they-blew-their-millions/?utm_source=outbrain&utm_medium=cpc&utm_campaign=nba_broke&utm_content=15c8b9
"50 Best Kobe X Colorways from Kobe Sneaker History", http://images.outbrain.com/imageserver/v2/s/Md7I/a/111N7L/2HfP4/0/111N7L-1g7A-400x220.jpg, http://www.kicksologists.com/2015/02/10/50-best-kobe-x-colorways-from-kobe-sneaker-history/?utm_campaign=KobeXColorways&utm_source=OB-KobeXColorways&utm_medium=Ad
"He Found A Hidden Room In This Old Attic, But He Wasn’t Ready For What Was Inside.", http://images.outbrain.com/imageserver/v2/s/NUeC/a/1MhLYa/3lGrM/0/1MhLYa-1g7A-400x220.jpg, http://mentalflare.com/attic-discovery/?as=2030000002034&utm_term=5350080&bdk=t2030000002034
"Top 15 Wrestlers Who Have Lived Horrible Lives", http://images.outbrain.com/imageserver/v2/s/MTCr/a/1LOUjl/3fjKo/0/1LOUjl-1g7A-400x220.jpg, http://www.thesportster.com/wrestling/15-wrestlers-who-have-lived-incredibly-tragic-lives/?utm_content=154004&utm_source=TS-OT-US&utm_medium=Content-Distribution&utm_campaign=TS-OT-US
"Bizarre Family Photos That Will Make Your Skin Crawl", http://images.outbrain.com/imageserver/v2/s/MkZU/a/1LBG6y/3c8CP/0/1LBG6y-1g7A-400x220.jpg, http://www.yourdailydish.com/galleries/creepiest-family-photos/?utm_source=Outbrain&utm_medium=cpc&utm_term=5350080&utm_content=53416993&utm_campaign=Outbrain_CFP
"28 Actors Who Were Incredible Athletes", http://images.outbrain.com/imageserver/v2/s/MkZU/a/1Eqknd/3A7Oq/0/1Eqknd-1g7A-400x220.jpg, http://www.yourdailydish.com/galleries/professional-athletes-turned-actors/?utm_source=Outbrain&utm_medium=cpc&utm_term=5350080&utm_content=46740736&utm_campaign=Outbrain_PATS
"25 Fittest Instagram Moms", http://images.outbrain.com/imageserver/v2/s/BYTz/a/1NgNmb/3tNQU/0/1NgNmb-1g7A-400x220.jpg, http://mom.me/the-best-you/29734-top-25-fit-instagram-moms/?utm_source=paid&utm_medium=outbrain&utm_campaign=parentingbabiesgalleries&utm_term=5350080
"The New Wedge Club That Has People Talking", http://images.outbrain.com/imageserver/v2/s/N7lB/a/1GZEkd/3Hazh/0/1GZEkd-1g7A-400x220.jpg, http://vcuwc.trackvoluum.com/df299821-ca88-4c83-b9d6-dd60c4ff2f06?adid=Outbrain-US&utm_source=Outbrain&utm_medium=CPC&utm_content=text-11-image-07&utm_campaign=xE1-Outbrain-US
"The Cameraman Just Kept Recording", http://images.outbrain.com/imageserver/v2/s/NRRU/a/1MSJmr/3oCos/0/1MSJmr-1g7A-400x220.jpg, http://omgwhut.com/caught-on-tape-15-times-a-cameraman-caught-more-than-he-should-have/?utm_medium=referral&utm_source=outbrain&utm_campaign=cameraman-caught-more-5/
"The Spouses of These Famous People Will leave You Speechless", http://images.outbrain.com/imageserver/v2/s/NPgc/a/1LNKdx/3zeRk/0/1LNKdx-1g7A-400x220.jpg, http://www.historyfanatic.com/slideshows/23-celebrities-who-married-average-joes/?utm_source=outbrain&utm_medium=cpc&utm_campaign=married-average-joes
"47 Rare Photos From The Past That The News Wasn't Allowed To Show", http://images.outbrain.com/imageserver/v2/s/Mz4o/a/1M4ciY/3hH7m/0/1M4ciY-1g7A-400x220.jpg, http://www.dailybananas.com/3_d_Rare_Historical_News_Photos_US_DB_1?utm_source=3_d_Rare_Historical_News_Photos_US_DB_1&utm_medium=54642942&utm_campaign=Rare_Historical_News_Photos&utm_term=3&utm_content=5350080
"Thinking About Going Solar? Read This First", http://cdn.taboolasyndication.com/libtrc/static/thumbnails/4bae2ffddacab4c3840a5708ed900de3.jpg, http://www.homesolarprograms.com/tab021/homeowners-are-furious-with-their-power-company/?campid=04F0AD93589527F1&utm_source=Taboola
"Ron Paul: What You Need To Know About Financial Martial Law", http://cdn.taboolasyndication.com/libtrc/static/thumbnails/b1ec609232d759ad14a42bfbe11ab6aa.jpg, http://thecrux.com/dyncontent/this-is-what-financial-martial-law-could-look-like/?cid=MKT261537&eid=MKT271604&utm_source=taboola&utm_medium=referral
"37 Rare Historical Photos That Will Send Chills Down Your Spine", http://proxy.topixcdn.com/ipicimg/DDF8SRNNOL6446FF-cp11x0x787x582, http://offbeat.topix.com/slideshow/17224?utm_source=taboola&utm_campaign=17224&tpx_term=N522TP4EFTGB6NJP&cvar=t5:i-4r3-NIC03ATL0SEQII86&utm_source=taboola&utm_medium=referral
"The 15 Best Cities in America to Grow Old", http://cdn.taboolasyndication.com/libtrc/static/thumbnails/a9ef66ebab3c8335652d5c72a847d215.jpg, http://www.thefiscaltimes.com/Media/Slideshow/2012/08/01/The-15-Best-Cities-in-America-to-Grow-Old.aspx?utm_source=taboola&utm_medium=referral&utm_term=theblaze
"70’s Stars That Will Absolutely Drop Your Jaw - Where Are They Now?", http://cdn.taboolasyndication.com/libtrc/static/thumbnails/3e0dfefeef6ddc8e81fece89dd0bb6e1.jpg, http://definition.org/blog/stars-70s-now/?utm_source=Taboola&utm_medium=theblaze&utm_term=ys&utm_content=http%3A%2F%2Fcdn.taboolasyndication.com%2Flibtrc%2Fstatic%2Fthumbnails%2F3e0dfefeef6ddc8e81fece89dd0bb6e1.jpg&utm_campaign=Taboola_70TN
"These 31 World War II Facts Will Leave You Speechless", https://console.brax-cdn.com/creatives/04314b8b-704b-4738-b77e-3018b3d3625e/45a7651c-4e0a-4a57-b149-0d790a17d089.jpg, http://www.historyfanatic.com/slideshows/these-31-world-war-ii-facts-will-blow-your-mind/?utm_source=taboola&utm_medium=cpc&utm_term=theblaze&utm_campaign=31-ww2-facts-3
"Thinking about going solar? Read This First", http://cdn.taboolasyndication.com/libtrc/static/thumbnails/c8aa85cdd7ab19c7d67de84e2db4720b.jpg, http://solarpanels.sunrun.com/tabsr001/why-wait-solar-savings-are-available-now/?campid=C47C40B08B19A1AE&utm_source=Taboola&utm_medium=online+display&utm_campaign=C47C40B08B19A1AE
"Why This Woman Calls Uber the Holy Grail of Actor Side Jobs", https://newsroom.uber.com/us-new-jersey/wp-content/uploads/sites/67/2015/12/SuzanneForBLOG.jpeg, https://newsroom.uber.com/us-new-jersey/behind-the-wheel-with-suzanne-uberx-driver-partner/?utm_source=influencer&utm_campaign=uberinfluencerprogram_1_-99_US-National_D_DSK_ACQ_CPM_en-us_blog&utm_medium=taboola
"If You Owe Less Than $625k, Use Obama's Once-In-A-Lifetime Mortgage Relief Program", http://cdn.taboolasyndication.com/libtrc/static/thumbnails/72be62afa4d2e7f83ed9df5fadb05503.jpg, https://www.lowermybills.com/lending/home-refinance/index.loan?sourceid=lmb-43259-77235&moid=65624&pkey1=theblaze&pkey2=http%3A%2F%2Fcdn.taboolasyndication.com%2Flibtrc%2Fstatic%2Fthumbnails%2F72be62afa4d2e7f83ed9df5fadb05503.jpg&pkey3=If+You+Owe+Less+Than+%24625k%2C+Use+Obama%27s+Once-In-A-Lifetime+Mortgage+Relief+Program
"Why The Government Is Paying Americans To Go Solar", http://cdn.taboolasyndication.com/libtrc/static/thumbnails/04e648f115e4eedbd5a01f0ff376232f.jpg, http://solarpanels.theecoexperts.com/why-the-government-is-paying-americans-to-go-solar?cid=56fe856097712&utm_source=taboola&utm_medium=theblaze&utm_term=Why+The+Government+Is+Paying+Americans+To+Go+Solar&utm_content=http%3A%2F%2Fcdn.taboolasyndication.com%2Flibtrc%2Fstatic%2Fthumbnails%2F04e648f115e4eedbd5a01f0ff376232f.jpg
"Thousands of People Are Straightening Their Smiles for Less", http://cdn.taboolasyndication.com/libtrc/static/thumbnails/7adef3ed4988fef592ab362a0e71f84a.png, https://smiledirectclub.com/blog/how-much-do-braces-cost/?utm_source=taboola&utm_medium=referral&utm_campaign=howmuch-desktop-blog
"New Golf Wedge Is Changing the Game for Everyone", http://images.outbrain.com/imageserver/v2/s/N7lB/a/1GZEkd/3XRZE/0/1GZEkd-1g7A-400x220.jpg, http://vcuwc.trackvoluum.com/df299821-ca88-4c83-b9d6-dd60c4ff2f06?adid=Outbrain-US&utm_source=Outbrain&utm_medium=CPC&utm_content=text-01-image-01&utm_campaign=xE1-Outbrain-US
"30 Family Photos That Went Very Wrong", http://images.outbrain.com/imageserver/v2/s/MkZU/a/1LBG6y/3c8CL/0/1LBG6y-1g7A-400x220.jpg, http://www.yourdailydish.com/galleries/creepiest-family-photos/?utm_source=Outbrain&utm_medium=cpc&utm_term=5350077&utm_content=53416989&utm_campaign=Outbrain_CFP
"Re-Drafting The First 20 picks of the 1998 NBA Draft", http://images.outbrain.com/imageserver/v2/s/MTCr/a/1KdLnw/3bl8I/0/1KdLnw-1g7A-400x220.jpg, http://www.thesportster.com/basketball/re-drafting-the-first-20-picks-of-the-1998-nba-draft/?utm_source=TS-OT-US-20&utm_medium=Content-Distribution&utm_campaign=TS-OT-US-20
"CJ McCollum Summer Camp- Learn from the NBA's Most Improved Player", http://images.outbrain.com/imageserver/v2/s/Mugy/a/1OhsB0/3yjqS/0/1OhsB0-1g7A-400x220.jpg, https://www.nycbasketballleague.com/kids/landing/mccollum/1/?utm_source=outbrain&utm_medium=cpc&utm_campaign=outbrainCJandGrantDesk
"Basketball Athletes that are Shockingly Smart", http://images.outbrain.com/imageserver/v2/s/MiuV/a/1GO7yT/3M5kg/0/1GO7yT-1g7A-400x220.jpg, http://peekworthy.com/17-nba-players-with-the-highest-basketball-iqs?utm_source=Outbrain&utm_medium=Discovery&utm_campaign=17%20NBA%20Players%20with%20the%20highest%20basketball%20IQs%202
"13 Shocking Facts About NBA Star Steph Curry [#3 is Embarrassing!]", http://images.outbrain.com/imageserver/v2/s/Mo5X/a/1IvZta/3c2ry/0/1IvZta-1g7A-400x220.jpg, http://thesportsdrop.com/13-surprising-facts-about-nba-star-steph-curry/?utm_source=outbrain&utm_medium=cpc&utm_campaign=13_curry_facts_ob&utm_content=131ea5
"Predicting Where The Top 20 2016 NBA Free Agents Will Sign", http://images.outbrain.com/imageserver/v2/s/MTCr/a/1Lp8Y2/3fiQc/0/1Lp8Y2-1g7A-400x220.jpg, http://www.thesportster.com/basketball/top-20-upcoming-nba-free-agents-and-where-they-might-sign/?utm_source=TS-OT-US-20&utm_medium=Content-Distribution&utm_campaign=TS-OT-US-20
"#1 Reason Not To Use The Internet In The U.S Today", http://images.outbrain.com/imageserver/v2/s/NMvH/a/1O11po/3yXDC/0/1O11po-1g7A-400x220.jpg, http://www.smarterweblife.com/1203/?hash=56c5f8216d1b1&subid1=5350077&subid2=1a7afa
"How Older Men Tighten Their Skin", http://images.outbrain.com/imageserver/v2/s/MzZW/a/1GeRGQ/3I6vB/0/1GeRGQ-1g7A-400x220.jpg, http://api.avidadserver.com/api/Asms/click?tid=5582ef2a1ee0530758383c1f&clid=564ee4b81ee0530c445a828d&p=1&sid1=5350077&sid2=48645521
"13 College Stars Who Were Disasters in The NBA", http://images.outbrain.com/imageserver/v2/s/Mo5X/a/1MHVvp/3jOIV/0/1MHVvp-1g7A-400x220.jpg, http://thesportsdrop.com/13-college-stars-who-were-awful-in-the-nba/?utm_source=outbrain&utm_medium=cpc&utm_campaign=13_ncaa_busts
"14 Things the Producers of Gilligan's Island Hid from Fans", http://images.outbrain.com/imageserver/v2/s/MSsC/a/1LRwUx/3uKE0/0/1LRwUx-1g7A-400x220.jpg, http://www.famefocus.com/tv/14-things-you-never-knew-about-gilligans-island/?utm_source=outbrain&utm_medium=referral&utm_content=14+Things+You+Never+Knew+about+Gilligan%E2%80%99s++-+57753124&utm_campaign=OUT+FME+10138+14-things-you-never-knew-about-gilligans-island&utm_term=5350080
"The 8 Biggest Film Box Office Disasters of All Time", http://images.outbrain.com/imageserver/v2/s/MeWi/a/19v3Sw/3uX9n/0/19v3Sw-1g7A-400x220.jpg, http://www.cheatsheet.com/entertainment/the-8-biggest-film-box-office-disasters-of-all-time.html/?utm_source=outbrain&utm_medium=cpc&utm_campaign=feed_desktop&utm_term=5350080&ref=OB
"17 Photos Taken At The Exact Perfect Moment", http://images.outbrain.com/imageserver/v2/s/NQcU/a/1NEYl7/3wuXJ/0/1NEYl7-1g7A-400x220.jpg, http://www.edgetrends.com/crazy-real-photos-that-look-photoshopped/?utm_source=outdt&utm_content=58369361&utm_term=5350080&utm_campaign=000_D_020_pshp_5
"He Found A Hidden Room In This Old Attic, But He Wasn’t Ready For What Was Inside.", http://images.outbrain.com/imageserver/v2/s/NUeC/a/1MhLYa/3lGrM/0/1MhLYa-1g7A-400x220.jpg, http://mentalflare.com/attic-discovery/?as=2030000002034&utm_term=5350080&bdk=t2030000002034
"15 Wives More Famous Than Their Athlete Partner", http://images.outbrain.com/imageserver/v2/s/MTCr/a/1LE1OY/3dEVj/0/1LE1OY-1g7A-400x220.jpg, http://www.thesportster.com/entertainment/top-15-wags-more-famous-than-their-athlete-partners/?utm_content=13ac48&utm_source=TS-OT-US&utm_medium=Content-Distribution&utm_campaign=TS-OT-US
"5 Signs You're Drinking Too Much Alcohol", http://images.outbrain.com/imageserver/v2/s/NcZN/a/1ONQjQ/3xDZG/0/1ONQjQ-1g7A-400x220.jpg, http://alcoholism.about.com/video/5-Signs-You-re-Drinking-Too-Much-Alcohol.htm?utm_campaign=verywell_video&utm_source=out&utm_medium=con&utm_content=1050
"The New 2016 Crossovers", http://images.outbrain.com/imageserver/v2/s/1pCN/a/1MhsGh/3qPmp/0/1MhsGh-1g7A-400x220.jpg, https://bs.serving-sys.com/BurstingPipe/adServer.bs?cn=tf&c=20&mc=click&pli=17250753&PluID=0&ord=&rtu=%24%24https://search.yahoo.com/search?p=2016+crossovers&fr=mktg-search-ginsu2&.tsrc=mktg-search-ginsu2&type=2016crossovers&tmpl=none&fp=1%24%24
"13 Times Kate Middleton Showed Off More Than She Should Have", http://images.outbrain.com/imageserver/v2/s/MymS/a/1F6LK6/3AsRC/0/1F6LK6-1g7A-400x220.jpg, http://track.buzzfudge.com/901/ 
"Thinking About Going Solar? Read This First", http://cdn.taboolasyndication.com/libtrc/static/thumbnails/4bae2ffddacab4c3840a5708ed900de3.jpg, http://www.homesolarprograms.com/tab021/homeowners-are-furious-with-their-power-company/?campid=04F0AD93589527F1&utm_source=Taboola
"Ron Paul: What You Need To Know About Financial Martial Law", http://cdn.taboolasyndication.com/libtrc/static/thumbnails/b1ec609232d759ad14a42bfbe11ab6aa.jpg, http://thecrux.com/dyncontent/this-is-what-financial-martial-law-could-look-like/?cid=MKT261537&eid=MKT271604&utm_source=taboola&utm_medium=referral
"37 Rare Historical Photos That Will Send Chills Down Your Spine", http://proxy.topixcdn.com/ipicimg/DDF8SRNNOL6446FF-cp11x0x787x582, http://offbeat.topix.com/slideshow/17224?utm_source=taboola&utm_campaign=17224&tpx_term=N522TP4EFTGB6NJP&cvar=t5:i-4r3-NIC03ATL0SEQII86&utm_source=taboola&utm_medium=referral
"70’s Stars That Will Absolutely Drop Your Jaw - Where Are They Now?", http://cdn.taboolasyndication.com/libtrc/static/thumbnails/3e0dfefeef6ddc8e81fece89dd0bb6e1.jpg, http://definition.org/blog/stars-70s-now/?utm_source=Taboola&utm_medium=theblaze&utm_term=ys&utm_content=http%3A%2F%2Fcdn.taboolasyndication.com%2Flibtrc%2Fstatic%2Fthumbnails%2F3e0dfefeef6ddc8e81fece89dd0bb6e1.jpg&utm_campaign=Taboola_70TN
"These 31 World War II Facts Will Leave You Speechless", https://console.brax-cdn.com/creatives/04314b8b-704b-4738-b77e-3018b3d3625e/45a7651c-4e0a-4a57-b149-0d790a17d089.jpg, http://www.historyfanatic.com/slideshows/these-31-world-war-ii-facts-will-blow-your-mind/?utm_source=taboola&utm_medium=cpc&utm_term=theblaze&utm_campaign=31-ww2-facts-3
"12 Animals You Won’t Believe Actually Exist", http://cdn6.littlethings.com/app/uploads/2014/08/Akhal_Teke_gold_horse-600x450.jpg, http://www.littlebudha.com/12-biggest-largest-record-animals/?utm_source=10-d-0133&utm_medium=theblaze&utm_term=http%3A%2F%2Fcdn6.littlethings.com%2Fapp%2Fuploads%2F2014%2F08%2FAkhal_Teke_gold_horse-600x450.jpg&utm_content=12+Animals+You+Won%E2%80%99t+Believe+Actually+Exist&utm_campaign=12-biggest-largest-record-animals_d
"Whoops! Are You Making These 4 Costly Shopping Mistakes?", http://cdn.taboolasyndication.com/libtrc/static/thumbnails/e4ceafdc2265505f2f85cecad775ecd1.jpg, https://www.freeshipping.com/post/shopping-mistakes?utm_source=taboola&utm_medium=content&utm_content=whoops-are-you2&utm_campaign=shopping-mistakes&utm_source=taboola&utm_medium=content
"Thinking about going solar? Read This First", http://cdn.taboolasyndication.com/libtrc/static/thumbnails/c8aa85cdd7ab19c7d67de84e2db4720b.jpg, http://solarpanels.sunrun.com/tabsr001/why-wait-solar-savings-are-available-now/?campid=C47C40B08B19A1AE&utm_source=Taboola&utm_medium=online+display&utm_campaign=C47C40B08B19A1AE
"Why This Woman Calls Uber the Holy Grail of Actor Side Jobs", https://newsroom.uber.com/us-new-jersey/wp-content/uploads/sites/67/2015/12/SuzanneForBLOG.jpeg, https://newsroom.uber.com/us-new-jersey/behind-the-wheel-with-suzanne-uberx-driver-partner/?utm_source=influencer&utm_campaign=uberinfluencerprogram_1_-99_US-National_D_DSK_ACQ_CPM_en-us_blog&utm_medium=taboola
"Why The Government Is Paying Americans To Go Solar", http://cdn.taboolasyndication.com/libtrc/static/thumbnails/04e648f115e4eedbd5a01f0ff376232f.jpg, http://solarpanels.theecoexperts.com/why-the-government-is-paying-americans-to-go-solar?cid=56fe856097712&utm_source=taboola&utm_medium=theblaze&utm_term=Why+The+Government+Is+Paying+Americans+To+Go+Solar&utm_content=http%3A%2F%2Fcdn.taboolasyndication.com%2Flibtrc%2Fstatic%2Fthumbnails%2F04e648f115e4eedbd5a01f0ff376232f.jpg
"Thousands of People Are Straightening Their Smiles for Less", http://cdn.taboolasyndication.com/libtrc/static/thumbnails/7adef3ed4988fef592ab362a0e71f84a.png, https://smiledirectclub.com/blog/how-much-do-braces-cost/?utm_source=taboola&utm_medium=referral&utm_campaign=howmuch-desktop-blog
